Fiction,Nonfiction,Fantasy,Adult,Classics,Historical,Roman,Literature,Romance,Young Adult,Historical Fiction,Science,Mystery,Contemporary,Novels,Audiobook,Thriller,Science Fiction,History,Adventure,Philosophy,Biography,Crime,Self Help,Psychology
0.8482880755608029,0.9096812278630461,0.8636363636363636,0.8057851239669421,0.8258559622195986,0.8476977567886659,0.8689492325855962,0.8435655253837072,0.8772136953955135,0.8766233766233766,0.8553719008264463,0.8795749704840614,0.8949232585596222,0.8600944510035419,0.8447461629279811,0.8547815820543093,0.8996458087367178,0.898465171192444,0.9031877213695395,0.9043683589138135,0.9173553719008265,0.897874852420307,0.9179456906729634,0.9669421487603306,0.9427390791027155
0.8505392912172574,0.8524590163934426,0.7868421052631579,0.6328600405679513,0.7185185185185186,0.6633663366336634,0.6506024096385542,0.7054794520547946,0.6561264822134387,0.7476190476190476,0.6625,0.8613861386138614,0.8397435897435898,0.5409836065573771,0.4084507042253521,0.71875,0.875,0.8571428571428571,0.5806451612903226,0.47619047619047616,0.5578947368421052,0.14705882352941177,0.6530612244897959,0.824,0.631578947368421
0.9460154241645244,0.7591240875912408,0.6659242761692651,0.6782608695652174,0.46973365617433416,0.41358024691358025,0.5454545454545454,0.3169230769230769,0.578397212543554,0.5015974440894568,0.3569023569023569,0.3140794223826715,0.4612676056338028,0.26720647773279355,0.116,0.08846153846153847,0.34710743801652894,0.1782178217821782,0.3016759776536313,0.062111801242236024,0.3509933774834437,0.03355704697986577,0.2077922077922078,0.7518248175182481,0.5669291338582677
0.895740365111562,0.803088803088803,0.721351025331725,0.6547743966421826,0.568081991215227,0.5095057034220533,0.5934065934065933,0.43736730360934184,0.6148148148148149,0.6003824091778203,0.4638949671772429,0.4603174603174604,0.5954545454545455,0.3577235772357724,0.18068535825545173,0.15753424657534248,0.4970414201183432,0.2950819672131147,0.3970588235294118,0.10989010989010989,0.43089430894308944,0.0546448087431694,0.31527093596059114,0.7862595419847328,0.5975103734439833
